dataset,term,frequency,config_name,prediction_length,eval_metrics/MAE[0.5],eval_metrics/MSE[mean],eval_metrics/MASE[0.5],eval_metrics/sMAPE[0.5],MAE,MSE,MASE,SMAPE
m4_monthly,short,M,m4_monthly/M/short,18,1052.7090790111401,3994599.1661944445,2.4312268254262457,0.23390589983374985,1052.7090790111401,3994599.1661944445,2.4312268254262457,0.23390589983374985
electricity/H,short,H,electricity/H/H/short,48,580.8694765712978,11913938.375812218,3.072475163750076,0.3373279696971447,580.8694765712978,11913938.375812218,3.072475163750076,0.3373279696971447
hospital,short,M,hospital/M/short,12,30.040185377111854,8279.555750217296,0.9699935256775684,0.2128093873661842,30.040185377111854,8279.555750217296,0.9699935256775684,0.2128093873661842
jena_weather/H,short,H,jena_weather/H/H/short,48,16.20553423149345,2133.4868645409097,0.770141063866311,0.6641324631054399,16.20553423149345,2133.4868645409097,0.770141063866311,0.6641324631054399
ett1/H,short,H,ett1/H/H/short,48,9.221752312069848,281.2885753813244,1.4808151074426248,0.4715664239156814,9.221752312069848,281.2885753813244,1.4808151074426248,0.4715664239156814
saugeenday/D,short,D,saugeenday/D/D/short,30,17.632613932291665,1339.2758333333334,3.915377232057723,0.504472910563151,17.632613932291665,1339.2758333333334,3.915377232057723,0.504472910563151
covid_deaths,short,D,covid_deaths/D/short,30,1162.6503328634085,36199732.48320802,105.46354521150958,0.7481535029590578,1162.6503328634085,36199732.48320802,105.46354521150958,0.7481535029590578
m4_hourly,short,H,m4_hourly/H/short,48,1123.7967767392956,64152730.27859355,8.403480740388947,0.3169470908369227,1123.7967767392956,64152730.27859355,8.403480740388947,0.3169470908369227
