dataset,term,frequency,config_name,prediction_length,eval_metrics/MAE[0.5],eval_metrics/MSE[mean],eval_metrics/MASE[0.5],eval_metrics/sMAPE[0.5],MAE,MSE,MASE,SMAPE
m4_monthly,short,M,m4_monthly/M/short,18,1032.8218979130497,3858676.4487546296,2.6331874475717356,0.22782600960025082,1032.8218979130497,3858676.4487546296,2.6331874475717356,0.22782600960025082
electricity/H,short,H,electricity/H/H/short,48,644.2218221578512,15970638.341820102,3.278443603312513,0.361172768983755,644.2218221578512,15970638.341820102,3.278443603312513,0.361172768983755
hospital,short,M,hospital/M/short,12,27.21871509245301,7131.272449478488,0.9304020252945725,0.20497043813533858,27.21871509245301,7131.272449478488,0.9304020252945725,0.20497043813533858
jena_weather/H,short,H,jena_weather/H/H/short,48,15.058089789292568,2062.952844146499,0.7367703354633857,0.6867994388243309,15.058089789292568,2062.952844146499,0.7367703354633857,0.6867994388243309
ett1/H,short,H,ett1/H/H/short,48,8.99814227876209,241.4909435453869,1.5220995081989157,0.48123153277805875,8.99814227876209,241.4909435453869,1.5220995081989157,0.48123153277805875
saugeenday/D,short,D,saugeenday/D/D/short,30,19.772317708333333,1514.0583333333334,4.388526406767166,0.6319113159179688,19.772317708333333,1514.0583333333334,4.388526406767166,0.6319113159179688
covid_deaths,short,D,covid_deaths/D/short,30,1063.4659461152883,31788972.07819549,100.13267977643596,0.7104357229438342,1063.4659461152883,31788972.07819549,100.13267977643596,0.7104357229438342
m4_hourly,short,H,m4_hourly/H/short,48,1209.8717340785715,65111227.0082827,9.218019755099508,0.3435447296658576,1209.8717340785715,65111227.0082827,9.218019755099508,0.3435447296658576
