dataset,term,prediction_length,raw_MASE,A2_d2_MASE,A2_d4_MASE,A2_d6_MASE,A2_d8_MASE,A2_uniform_MASE,A2_invvar_MASE,A2_qpool_MASE
m4_monthly,short,18,1.0586964668176115,9.594738036347257,16.732447987270703,18.534952275998002,18.995628354945193,12.778368348470075,7.5468556965925195,16.684544873453657
electricity/H,short,48,1.3431128363679405,6.861720648589673,11.737688585561692,13.01881965130894,13.361391220299954,9.050066215879896,4.772146323286507,11.556642123647121
hospital,short,12,0.8157301085719687,3.0372314117990658,5.304627907214611,5.979373974537892,6.1702581801077745,4.103637459415264,2.1530896434985967,5.24198106606158
jena_weather/H,short,48,0.8728032708167814,12.666852345387117,21.885537578860358,24.162742094575655,24.70140210355937,16.741034343708467,9.58763606081268,21.81386121216981
ett1/H,short,48,0.9225978032458938,2.691016486054364,4.436129619335109,4.875316479037608,4.956452728202919,3.4481799786270333,2.1495815929139632,4.331775162095399
saugeenday/D,short,30,2.9782901376875444,4.054182098266748,5.565109727922682,5.702887030070974,5.393917353014691,4.521198586352797,3.5636502276767223,5.072586216732306
covid_deaths,short,30,31.86719000271443,99.05989892026057,153.4684719418355,168.08498767601608,172.07309914055844,123.98031808564201,95.44746738010357,152.92999286149663
m4_hourly,short,48,1.8913868884818164,36.14419615147176,62.93439047476125,69.44990229922686,70.91247517400461,47.97032094281529,27.159892612897995,62.778319969873856
