dataset,term,prediction_length,raw_MASE,A2_d2_MASE,A2_uniform_MASE,A2_invvar_MASE,A2_qpool_MASE
m4_monthly,short,18,1.0590789522540587,9.594490602700501,4.93043305053798,3.23656138292969,4.93043305053798
electricity/H,short,48,1.3433561939812697,6.862453804500635,3.720242126145546,2.4935736566832176,3.720242126145546
hospital,short,12,0.8131931316048003,3.0374143500189614,1.6367527063252443,1.1013742440360623,1.6367527063252443
jena_weather/H,short,48,0.8747622687245228,12.66917282509004,6.577358016097332,3.95738704959898,6.577358016097332
ett1/H,short,48,0.9228400948185552,2.688287415920621,1.6090630794081617,1.2570718526040805,1.6090630794081617
saugeenday/D,short,30,2.9410391404020477,4.020937338641118,3.1727855095165385,2.979021311428431,3.1727855095165385
covid_deaths,short,30,31.951759040715526,99.07163897410318,63.46603367685697,52.67676161595164,63.46603367685697
m4_hourly,short,48,1.9010734246047303,36.153056829598604,18.33304306770312,11.036973266084795,18.33304306770312
