dataset,term,prediction_length,raw_MASE,A1_d2_MASE,A1_d3_MASE,A1_d4_MASE,A1_d5_MASE,A1_d6_MASE,A1_d7_MASE,A1_d8_MASE,A1_uniform_MASE,A1_invvar_MASE,A1_qpool_MASE
m4_monthly,short,18,1.0591499947632341,1.0917022390871007,1.1127888806308972,1.1263381516628035,1.1508985923962494,1.183209472590486,1.222276959006556,1.272590841010785,1.1195714091378814,1.0846414538016729,1.119826174331538
electricity/H,short,48,1.342566026269251,1.4531908562706422,1.623675275162498,1.7541183345830815,1.836530596809515,1.9058708255462682,1.982365889827811,2.0819773835555253,1.6245175678954598,1.4455872123395077,1.6558030003553186
hospital,short,12,0.8112381199543283,0.8557698104116257,0.9043893428667703,0.9448353959542934,0.9960079929359926,1.0524800750497294,1.1180289606334208,1.2064369832567654,0.9387878684614454,0.8694532382644399,0.9341319252499247
jena_weather/H,short,48,0.8744149674588072,0.8741782198936838,0.8875842797100835,0.9030304505622654,0.9217213009247204,0.9419164748963458,0.9623456236925182,0.9903149314532742,0.8958070932538663,0.8741532337800376,0.8998019007056098
ett1/H,short,48,0.9230698217408482,0.959562872399882,1.0144364416937852,1.0455869709526378,1.0659014755290446,1.0896365216547625,1.1138515913318312,1.1416225049863076,1.0095428933081,0.9753720176065587,1.021482878708766
saugeenday/D,short,30,2.9794135016281342,3.0107585742205254,2.9923153267580074,2.989410536981699,2.9711457565323074,2.990244802210907,3.0131578356587516,3.069679625765958,2.975902405824551,2.9992211676015796,2.9649939092977613
covid_deaths,short,30,31.981263131945703,30.926277733462566,30.955686064811573,31.343781213625498,31.677312247073118,31.994417975748398,32.15552694376804,32.423079398622235,31.491007733204906,31.54266567933833,31.555100212166277
m4_hourly,short,48,1.8998255382091396,1.9670253045795352,2.2033352312973022,2.3994560642134823,2.659849117675083,2.925178103613729,3.169256937767585,3.454581727974317,2.3487128821092984,2.097829576065804,2.3579785094972814
